<?xml version="1.0" encoding="UTF-8"?>
<beans xmlns="http://www.springframework.org/schema/beans"
       xmlns:xsi="http://www.w3.org/2001/XMLSchema-instance" xmlns:context="http://www.springframework.org/schema/context"
       xmlns:mvc="http://www.springframework.org/schema/mvc"
       xsi:schemaLocation="http://www.springframework.org/schema/beans http://www.springframework.org/schema/beans/spring-beans.xsd
       http://www.springframework.org/schema/context http://www.springframework.org/schema/context/spring-context.xsd
       http://www.springframework.org/schema/mvc http://www.springframework.org/schema/mvc/spring-mvc.xsd">


    <!--    处理web项目的静态文件问题-->
    <mvc:default-servlet-handler/>

    <!-- Controller包(自动注入) -->
    <context:component-scan base-package="com.controller"/>

    <!-- FastJson注入 -->
    <mvc:annotation-driven>

    </mvc:annotation-driven>
    <!-- 静态资源配置 -->
    <mvc:resources mapping="/resources/**" location="/resources/"/>
    <!-- 对模型视图名称的解析,即在模型视图名称添加前后缀 -->
    <bean class="org.springframework.web.servlet.view.InternalResourceViewResolver">
        <property name="prefix" value="/WEB-INF/pages/"/>
        <property name="suffix" value=".jsp"/>
    </bean>
    
    <!-- 拦截器配置 -->
    <mvc:interceptors>
        <mvc:interceptor>
            <mvc:mapping path="/**"/>
            <mvc:exclude-mapping path="/upload"/>
            <bean class="com.interceptor.AuthorizationInterceptor"/>
        </mvc:interceptor>
    </mvc:interceptors>

    <!-- 上传限制 -->
    <bean id="multipartResolver" class="org.springframework.web.multipart.commons.CommonsMultipartResolver">
        <!-- 上传文件大小限制为31M，31*1024*1024 -->
        <property name="maxUploadSize" value="32505856"/>
    </bean>

</beans>