<?xml version="1.0" encoding="UTF-8"?>
<!DOCTYPE mapper PUBLIC "-//mybatis.org//DTD Mapper 3.0//EN" "http://mybatis.org/dtd/mybatis-3-mapper.dtd">

<mapper namespace="com.dao.GuanyuwomenDao">

	<!-- 可根据自己的需求，是否要使用 -->
    <resultMap type="com.entity.GuanyuwomenEntity" id="guanyuwomenMap">
        <result property="biaoti" column="biaoti"/>
        <result property="fengmian" column="fengmian"/>
        <result property="neirong" column="neirong"/>
    </resultMap>

	<select id="selectListVO"
		resultType="com.entity.vo.GuanyuwomenVO" >
		SELECT * FROM guanyuwomen  guanyuwomen         
        <where> 1=1 ${ew.sqlSegment}</where>
	</select>
	
	<select id="selectVO"
		resultType="com.entity.vo.GuanyuwomenVO" >
		SELECT  guanyuwomen.* FROM guanyuwomen  guanyuwomen
 		<where> 1=1 ${ew.sqlSegment}</where>
	</select>

    <select id="selectListView"
		resultType="com.entity.view.GuanyuwomenView" >

		SELECT  guanyuwomen.* FROM guanyuwomen  guanyuwomen 	        
        <where> 1=1 ${ew.sqlSegment}</where>
	</select>
	
	<select id="selectView"
		resultType="com.entity.view.GuanyuwomenView" >
		SELECT * FROM guanyuwomen  guanyuwomen <where> 1=1 ${ew.sqlSegment}</where>
	</select>
	
	
</mapper>