<?xml version="1.0" encoding="UTF-8"?>
<!DOCTYPE mapper PUBLIC "-//mybatis.org//DTD Mapper 3.0//EN" "http://mybatis.org/dtd/mybatis-3-mapper.dtd">

<mapper namespace="com.dao.JubaotousuDao">

	<!-- 可根据自己的需求，是否要使用 -->
    <resultMap type="com.entity.JubaotousuEntity" id="jubaotousuMap">
        <result property="zhanghao" column="zhanghao"/>
        <result property="xingming" column="xingming"/>
        <result property="shouji" column="shouji"/>
        <result property="tousubiaoti" column="tousubiaoti"/>
        <result property="tupian" column="tupian"/>
        <result property="tousuneirong" column="tousuneirong"/>
        <result property="tousuriqi" column="tousuriqi"/>
        <result property="sfsh" column="sfsh"/>
        <result property="shhf" column="shhf"/>
    </resultMap>

	<select id="selectListVO"
		resultType="com.entity.vo.JubaotousuVO" >
		SELECT * FROM jubaotousu  jubaotousu         
        <where> 1=1 ${ew.sqlSegment}</where>
	</select>
	
	<select id="selectVO"
		resultType="com.entity.vo.JubaotousuVO" >
		SELECT  jubaotousu.* FROM jubaotousu  jubaotousu
 		<where> 1=1 ${ew.sqlSegment}</where>
	</select>

    <select id="selectListView"
		resultType="com.entity.view.JubaotousuView" >

		SELECT  jubaotousu.* FROM jubaotousu  jubaotousu 	        
        <where> 1=1 ${ew.sqlSegment}</where>
	</select>
	
	<select id="selectView"
		resultType="com.entity.view.JubaotousuView" >
		SELECT * FROM jubaotousu  jubaotousu <where> 1=1 ${ew.sqlSegment}</where>
	</select>
	
	
</mapper>