<?xml version="1.0" encoding="UTF-8"?>
<!DOCTYPE mapper PUBLIC "-//mybatis.org//DTD Mapper 3.0//EN" "http://mybatis.org/dtd/mybatis-3-mapper.dtd">

<mapper namespace="com.dao.ShouhouDao">

	<!-- 可根据自己的需求，是否要使用 -->
    <resultMap type="com.entity.ShouhouEntity" id="shouhouMap">
        <result property="zhanghao" column="zhanghao"/>
        <result property="xingming" column="xingming"/>
        <result property="dingdanbianhao" column="dingdanbianhao"/>
        <result property="shangpinmingcheng" column="shangpinmingcheng"/>
        <result property="jiage" column="jiage"/>
        <result property="shuliang" column="shuliang"/>
        <result property="zongji" column="zongji"/>
        <result property="shenqingyuanyin" column="shenqingyuanyin"/>
    </resultMap>

	<select id="selectListVO"
		resultType="com.entity.vo.ShouhouVO" >
		SELECT * FROM shouhou  shouhou         
        <where> 1=1 ${ew.sqlSegment}</where>
	</select>
	
	<select id="selectVO"
		resultType="com.entity.vo.ShouhouVO" >
		SELECT  shouhou.* FROM shouhou  shouhou
 		<where> 1=1 ${ew.sqlSegment}</where>
	</select>

    <select id="selectListView"
		resultType="com.entity.view.ShouhouView" >

		SELECT  shouhou.* FROM shouhou  shouhou 	        
        <where> 1=1 ${ew.sqlSegment}</where>
	</select>
	
	<select id="selectView"
		resultType="com.entity.view.ShouhouView" >
		SELECT * FROM shouhou  shouhou <where> 1=1 ${ew.sqlSegment}</where>
	</select>
	
	
</mapper>