<?xml version="1.0" encoding="UTF-8"?>
<!DOCTYPE mapper PUBLIC "-//mybatis.org//DTD Mapper 3.0//EN" "http://mybatis.org/dtd/mybatis-3-mapper.dtd">

<mapper namespace="com.dao.XinwenleibieDao">

	<!-- 可根据自己的需求，是否要使用 -->
    <resultMap type="com.entity.XinwenleibieEntity" id="xinwenleibieMap">
        <result property="leibie" column="leibie"/>
    </resultMap>

	<select id="selectListVO"
		resultType="com.entity.vo.XinwenleibieVO" >
		SELECT * FROM xinwenleibie  xinwenleibie         
        <where> 1=1 ${ew.sqlSegment}</where>
	</select>
	
	<select id="selectVO"
		resultType="com.entity.vo.XinwenleibieVO" >
		SELECT  xinwenleibie.* FROM xinwenleibie  xinwenleibie
 		<where> 1=1 ${ew.sqlSegment}</where>
	</select>

    <select id="selectListView"
		resultType="com.entity.view.XinwenleibieView" >

		SELECT  xinwenleibie.* FROM xinwenleibie  xinwenleibie 	        
        <where> 1=1 ${ew.sqlSegment}</where>
	</select>
	
	<select id="selectView"
		resultType="com.entity.view.XinwenleibieView" >
		SELECT * FROM xinwenleibie  xinwenleibie <where> 1=1 ${ew.sqlSegment}</where>
	</select>
	
	
</mapper>