<?xml version="1.0" encoding="UTF-8"?>
<!DOCTYPE configuration PUBLIC "-//mybatis.org//DTD SQL Map Config 3.0//EN"
        "http://mybatis.org/dtd/mybatis-3-config.dtd">
<!--
 |   plugins在配置文件中的位置必须符合要求，否则会报错，顺序如下:

 |-->
<configuration>

    <settings>
        <!-- 这个配置使全局的映射器启用或禁用缓存 -->
        <setting name="cacheEnabled" value="true"/>
        <!-- 全局启用或禁用延迟加载。当禁用时，所有关联对象都会即时加载 -->
        <setting name="lazyLoadingEnabled" value="true"/>
        <setting name="multipleResultSetsEnabled" value="true"/>
        <setting name="useColumnLabel" value="true"/>
        <setting name="defaultExecutorType" value="REUSE"/>
        <setting name="defaultStatementTimeout" value="25000"/>
        <setting name="mapUnderscoreToCamelCase" value="true"/>
    </settings>

</configuration>